last_name,,,,,,,,,,,,,,,,,,,,,,,,,
Citalopram,,,,,,,,,,,,,,,,,,,,,,,,,
Neomycin,,,,,,,,,,,,,,,,,,,,,,,,,
Dextroamphetamine,,,,,,,,,,,,,,,,,,,,,,,,,
Oxygen,,,,,,,,,,,,,,,,,,,,,,,,,
DIPHENHYDRAMINE,,,,,,,,,,,,,,,,,,,,,,,,,
Ibuprofen,,,,,,,,,,,,,,,,,,,,,,,,,
PENTOSAN,,,,,,,,,,,,,,,,,,,,,,,,,
Octinoxate,,,,,,,,,,,,,,,,,,,,,,,,,
atropine,,,,,,,,,,,,,,,,,,,,,,,,,
Losartan,,,,,,,,,,,,,,,,,,,,,,,,,
Nafcillin,,,,,,,,,,,,,,,,,,,,,,,,,
OCTINOXATE,,,,,,,,,,,,,,,,,,,,,,,,,
Helium,,,,,,,,,,,,,,,,,,,,,,,,,
adenosine,,,,,,,,,,,,,,,,,,,,,,,,,
enalapril,,,,,,,,,,,,,,,,,,,,,,,,,
OCTINOXATE,,,,,,,,,,,,,,,,,,,,,,,,,
Isopropyl,,,,,,,,,,,,,,,,,,,,,,,,,
Calcium,,,,,,,,,,,,,,,,,,,,,,,,,
Benazepril,,,,,,,,,,,,,,,,,,,,,,,,,
Acetaminophen,,,,,,,,,,,,,,,,,,,,,,,,,
Gabapentin,,,,,,,,,,,,,,,,,,,,,,,,,
Atenolol,,,,,,,,,,,,,,,,,,,,,,,,,
Mesquite,,,,,,,,,,,,,,,,,,,,,,,,,
Mepivacaine,,,,,,,,,,,,,,,,,,,,,,,,,
belladonna,,,,,,,,,,,,,,,,,,,,,,,,,
Acetaminophen,,,,,,,,,,,,,,,,,,,,,,,,,
Sodium,,,,,,,,,,,,,,,,,,,,,,,,,
Benzocaine,,,,,,,,,,,,,,,,,,,,,,,,,
naproxen,,,,,,,,,,,,,,,,,,,,,,,,,
Acetaminophen,,,,,,,,,,,,,,,,,,,,,,,,,
Fentanyl,,,,,,,,,,,,,,,,,,,,,,,,,
norgestimate,,,,,,,,,,,,,,,,,,,,,,,,,
AMIODARONE,,,,,,,,,,,,,,,,,,,,,,,,,
MICONAZOLE,,,,,,,,,,,,,,,,,,,,,,,,,
ezetimibe,,,,,,,,,,,,,,,,,,,,,,,,,
Witch,,,,,,,,,,,,,,,,,,,,,,,,,
Sodium,,,,,,,,,,,,,,,,,,,,,,,,,
llium,,,,,,,,,,,,,,,,,,,,,,,,,
Gemfibrozil,,,,,,,,,,,,,,,,,,,,,,,,,
acyclovir,,,,,,,,,,,,,,,,,,,,,,,,,
BENZALKONIUM,,,,,,,,,,,,,,,,,,,,,,,,,
Carisoprodol,,,,,,,,,,,,,,,,,,,,,,,,,
Terbinafine,,,,,,,,,,,,,,,,,,,,,,,,,
Flumazenil,,,,,,,,,,,,,,,,,,,,,,,,,
Pramipexole,,,,,,,,,,,,,,,,,,,,,,,,,
simvastatin,,,,,,,,,,,,,,,,,,,,,,,,,
potassium,,,,,,,,,,,,,,,,,,,,,,,,,
Dog,,,,,,,,,,,,,,,,,,,,,,,,,
CHLOROQUINE,,,,,,,,,,,,,,,,,,,,,,,,,
Octinoxate,,,,,,,,,,,,,,,,,,,,,,,,,
SALICYLIC,,,,,,,,,,,,,,,,,,,,,,,,,
ONDANSETRON,,,,,,,,,,,,,,,,,,,,,,,,,
risperidone,,,,,,,,,,,,,,,,,,,,,,,,,
Triclosan,,,,,,,,,,,,,,,,,,,,,,,,,
FLUCONAZOLE,,,,,,,,,,,,,,,,,,,,,,,,,
LULICONAZOLE,,,,,,,,,,,,,,,,,,,,,,,,,
clindamycin,,,,,,,,,,,,,,,,,,,,,,,,,
PRIMIDONE,,,,,,,,,,,,,,,,,,,,,,,,,
GOJO,,,,with,PCMX,,,,,,,,,,,,,,,,,,,,
Zinc,,,,,,,,,,,,,,,,,,,,,,,,,
Oxymorphone,,,,,,,,,,,,,,,,,,,,,,,,,
Sodium,,,,,,,,,,,,,,,,,,,,,,,,,
Amikacin,,,,,,,,,,,,,,,,,,,,,,,,,
Echinacea,,,,,,,,,,,,,,,,,,,,,,,,,
bisacodyl,,,,,,,,,,,,,,,,,,,,,,,,,
Testosterone,,,,,,,,,,,,,,,,,,,,,,,,,
Levothyroxine,,,,,,,,,,,,,,,,,,,,,,,,,
Codeine,,,,,,,,,,,,,,,,,,,,,,,,,
Lisinopril,,,,,,,,,,,,,,,,,,,,,,,,,
Diclofenac,,,,,,,,,,,,,,,,,,,,,,,,,
Titanium,,,,,,,,,,,,,,,,,,,,,,,,,
metformin,,,,,,,,,,,,,,,,,,,,,,,,,
Quetiapine,,,,,,,,,,,,,,,,,,,,,,,,,
Glimepiride,,,,,,,,,,,,,,,,,,,,,,,,,
Aesculus,,,,,,,,,,,,,,,,,,,,,,,,,
nortriptyline,,,,,,,,,,,,,,,,,,,,,,,,,
SODIUM,,,,,,,,,,,,,,,,,,,,,,,,,
Thiothixene,,,,,,,,,,,,,,,,,,,,,,,,,
diclofenac,,,,,,,,,,,,,,,,,,,,,,,,,
Minocycline,,,,,,,,,,,,,,,,,,,,,,,,,
Avobenzone,,,,,,,,,,,,,,,,,,,,,,,,,
CALCIUM,,,,,,,,,,,,,,,,,,,,,,,,,
ergocalciferol,,,,,,,,,,,,,,,,,,,,,,,,,
docusate,,,,,,,,,,,,,,,,,,,,,,,,,
Advanced,,,,,,,,,,,,,,,,,,,,,,,,,
TITANIUM,,,,,,,,,,,,,,,,,,,,,,,,,
Labetalol,,,,,,,,,,,,,,,,,,,,,,,,,
Methyl,,,,,,,,,,,,,,,,,,,,,,,,,
Pravastatin,,,,,,,,,,,,,,,,,,,,,,,,,
Oxcarbazepine,,,,,,,,,,,,,,,,,,,,,,,,,
Hydroquinone,,,,,,,,,,,,,,,,,,,,,,,,,
Aluminum,,,,,,,,,,,,,,,,,,,,,,,,,
Ethambutol,,,,,,,,,,,,,,,,,,,,,,,,,
cetirizine,,,,,,,,,,,,,,,,,,,,,,,,,
Zinc,,,,,,,,,,,,,,,,,,,,,,,,,
rOPINIRole,,,,,,,,,,,,,,,,,,,,,,,,,
CLOTRIMAZOLE,,,,,,,,,,,,,,,,,,,,,,,,,
Acetaminophen,,,,,,,,,,,,,,,,,,,,,,,,,
Ethylhexyl,,,,,,,,,,,,,,,,,,,,,,,,,
zinc,,,,,,,,,,,,,,,,,,,,,,,,,
TECHNETIUM,,,,,,,,,,,,,,,,,,,,,,,,,
Hydrocodone,,,,,,,,,,,,,,,,,,,,,,,,,
Arnica,,,,,,,,,,,,,,,,,,,,,,,,,
Dextromethorphan,,,,,,,,,,,,,,,,,,,,,,,,,
Lisinopril,,,,,,,,,,,,,,,,,,,,,,,,,
Ketorolac,,,,,,,,,,,,,,,,,,,,,,,,,
Salicylic,,,,,,,,,,,,,,,,,,,,,,,,,
TRIFLUOPERAZINE,,,,,,,,,,,,,,,,,,,,,,,,,
Alumina,,,,,,,,,,,,,,,,,,,,,,,,,
Amanita,,,,,,,,,,,,,,,,,,,,,,,,,
Naproxen,,,,,,,,,,,,,,,,,,,,,,,,,
Crab,,,,,,,,,,,,,,,,,,,,,,,,,
Ramipril,,,,,,,,,,,,,,,,,,,,,,,,,
Ipratropium,,,,Sulfate,,,,,,,,,,,,,,,,,,,,,
dutasteride,,,,,,,,,,,,,,,,,,,,,,,,,
Wheat,,,,,,,,,,,,,,,,,,,,,,,,,
Couch,,,,,,,,,,,,,,,,,,,,,,,,,
Phenylephrine,,,,,,,,,,,,,,,,,,,,,,,,,
amlodipine,,,,calcium,,,,,,,,,,,,,,,,,,,,,
Loratadine,,,,,,,,,,,,,,,,,,,,,,,,,
OMEPRAZOLE,,,,,,,,,,,,,,,,,,,,,,,,,
Alcohol,,,,,,,,,,,,,,,,,,,,,,,,,
Dextran,,,,,,,,,,,,,,,,,,,,,,,,,
mycophenolate,,,,,,,,,,,,,,,,,,,,,,,,,
Perindopril,,,,,,,,,,,,,,,,,,,,,,,,,
Ranitidine,,,,,,,,,,,,,,,,,,,,,,,,,
Ensulizole,,,,,,,,,,,,,,,,,,,,,,,,,
Fosphenytoin,,,,,,,,,,,,,,,,,,,,,,,,,
methocarbamol,,,,,,,,,,,,,,,,,,,,,,,,,
Allium,,,,,,,,,,,,,,,,,,,,,,,,,
AVOBENZONE,,,,,,,,,,,,,,,,,,,,,,,,,
Acetaminophen,,,,,,,,,,,,,,,,,,,,,,,,,
theophylline,,,,,,,,,,,,,,,,,,,,,,,,,
Fluoxetine,,,,,,,,,,,,,,,,,,,,,,,,,
Lovastatin,,,,,,,,,,,,,,,,,,,,,,,,,
Allergenic,,,,,,,,,,,,,,,,,,,,,,,,,
APOCYNUM,,,,,,,,,,,,,,,,,,,,,,,,,
diphenoxylate,,,,sulfate,,,,,,,,,,,,,,,,,,,,,
American,,,,,,,,,,,,,,,,,,,,,,,,,
emtricitabine,,,,fumarate,,,,,,,,,,,,,,,,,,,,,
Sulfur,,,,,,,,,,,,,,,,,,,,,,,,,
Orris,,,,,,,,,,,,,,,,,,,,,,,,,
Cimicifuga,,,,,,,,,,,,,,,,,,,,,,,,,
Aluminum,,,,,,,,,,,,,,,,,,,,,,,,,
desipramine,,,,,,,,,,,,,,,,,,,,,,,,,
minoxidil,,,,,,,,,,,,,,,,,,,,,,,,,
Warfarin,,,,,,,,,,,,,,,,,,,,,,,,,
Winter,,,,,,,,,,,,,,,,,,,,,,,,,
helianthus,,,,,,,,,,,,,,,,,,,,,,,,,
SULFACETAMIDE,,,,,,,,,,,,,,,,,,,,,,,,,
Phenazopyridine,,,,,,,,,,,,,,,,,,,,,,,,,
Silver,,,,,,,,,,,,,,,,,,,,,,,,,
Pseudoephedrine,,,,,,,,,,,,,,,,,,,,,,,,,
Nicotine,,,,,,,,,,,,,,,,,,,,,,,,,
Pyrithione,,,,,,,,,,,,,,,,,,,,,,,,,
Polyethylene,,,,,,,,,,,,,,,,,,,,,,,,,
Sodium,,,,,,,,,,,,,,,,,,,,,,,,,
niacinamide,,,,,,,,,,,,,,,,,,,,,,,,,
Doxorubicin,,,,,,,,,,,,,,,,,,,,,,,,,
Citalopram,,,,,,,,,,,,,,,,,,,,,,,,,
amoxicillin,,,,,,,,,,,,,,,,,,,,,,,,,
Amaranthus,,,,,,,,,,,,,,,,,,,,,,,,,
Baryta,,,,,,,,,,,,,,,,,,,,,,,,,
Titanium,,,,,,,,,,,,,,,,,,,,,,,,,
Hydrochlorothiazide,,,,,,,,,,,,,,,,,,,,,,,,,
MEPERIDINE,,,,,,,,,,,,,,,,,,,,,,,,,
Cocklebur,,,,,,,,,,,,,,,,,,,,,,,,,
VALERIAN,,,,,,,,,,,,,,,,,,,,,,,,,
epoetin,,,,,,,,,,,,,,,,,,,,,,,,,
Ofloxacin,,,,,,,,,,,,,,,,,,,,,,,,,
Finasteride,,,,,,,,,,,,,,,,,,,,,,,,,
AVOBENZONE,,,,,,,,,,,,,,,,,,,,,,,,,
hydrocortisone,,,,hydrochloride,,,,,,,,,,,,,,,,,,,,,
BENZOIC,,,,,,,,,,,,,,,,,,,,,,,,,
White,,,,,,,,,,,,,,,,,,,,,,,,,
GLYCERIN,,,,,,,,,,,,,,,,,,,,,,,,,
Bumetanide,,,,,,,,,,,,,,,,,,,,,,,,,
TITANIUM,,,,,,,,,,,,,,,,,,,,,,,,,
abacavir,,,,,,,,,,,,,,,,,,,,,,,,,
Alfalfa,,,,,,,,,,,,,,,,,,,,,,,,,
DIVALPROEX,,,,,,,,,,,,,,,,,,,,,,,,,
Olanzapine,,,,,,,,,,,,,,,,,,,,,,,,,
MENTHOL,,,,,,,,,,,,,,,,,,,,,,,,,
ARIPIPRAZOLE,,,,,,,,,,,,,,,,,,,,,,,,,
Cephalexin,,,,,,,,,,,,,,,,,,,,,,,,,
cholecalciferol,,,,,,,,,,,,,,,,,,,,,,,,,
Dextrose,,,,,,,,,,,,,,,,,,,,,,,,,
STANNOUS,,,,,,,,,,,,,,,,,,,,,,,,,
DOBUTAMINE,,,,,,,,,,,,,,,,,,,,,,,,,
Diphenhydramine,,,,,,,,,,,,,,,,,,,,,,,,,
Clopidogrel,,,,,,,,,,,,,,,,,,,,,,,,,
AVOBENZONE,,,,,,,,,,,,,,,,,,,,,,,,,
Trihexyphenidyl,,,,,,,,,,,,,,,,,,,,,,,,,
FAMCICLOVIR,,,,,,,,,,,,,,,,,,,,,,,,,
CEFOXITIN,,,,,,,,,,,,,,,,,,,,,,,,,
METOPROLOL,,,,,,,,,,,,,,,,,,,,,,,,,
Avobenzone,,,,,,,,,,,,,,,,,,,,,,,,,
Fucus,,,,,,,,,,,,,,,,,,,,,,,,,
phentermine,,,,,,,,,,,,,,,,,,,,,,,,,
HALOPERIDOL,,,,,,,,,,,,,,,,,,,,,,,,,
Salmon,,,,,,,,,,,,,,,,,,,,,,,,,
Allopurinol,,,,,,,,,,,,,,,,,,,,,,,,,
oxycodone,,,,,,,,,,,,,,,,,,,,,,,,,
Ondansetron,,,,,,,,,,,,,,,,,,,,,,,,,
Cockroach,,,,,,,,,,,,,,,,,,,,,,,,,
OMEPRAZOLE,,,,,,,,,,,,,,,,,,,,,,,,,
Lamotrigine,,,,,,,,,,,,,,,,,,,,,,,,,
Oxybutynin,,,,,,,,,,,,,,,,,,,,,,,,,
Bromfenac,,,,,,,,,,,,,,,,,,,,,,,,,
bacitracin,,,,,,,,,,,,,,,,,,,,,,,,,
urea,,,,,,,,,,,,,,,,,,,,,,,,,
Levofloxacin,,,,,,,,,,,,,,,,,,,,,,,,,
LIDOCAINE,,,,,,,,,,,,,,,,,,,,,,,,,
Naphazoline,,,,,,,,,,,,,,,,,,,,,,,,,
american,,,,,,,,,,,,,,,,,,,,,,,,,
Isosorbide,,,,,,,,,,,,,,,,,,,,,,,,,
AVOBENZONE,,,,,,,,,,,,,,,,,,,,,,,,,
Metoclopramide,,,,,,,,,,,,,,,,,,,,,,,,,
Octinoxate,,,,,,,,,,,,,,,,,,,,,,,,,
Simethicone,,,,,,,,,,,,,,,,,,,,,,,,,
permethrin,,,,,,,,,,,,,,,,,,,,,,,,,
Escitalopram,,,,,,,,,,,,,,,,,,,,,,,,,
OCTINOXATE,,,,,,,,,,,,,,,,,,,,,,,,,
vanilla,,,,,,,,,,,,,,,,,,,,,,,,,
Loratadine,,,,,,,,,,,,,,,,,,,,,,,,,
Carbmazepine,,,,,,,,,,,,,,,,,,,,,,,,,
Carbamazepine,,,,,,,,,,,,,,,,,,,,,,,,,
Glyburide,,,,,,,,,,,,,,,,,,,,,,,,,
Irinotecan,,,,,,,,,,,,,,,,,,,,,,,,,
Turnip,,,,,,,,,,,,,,,,,,,,,,,,,
Titanium,,,,Oxide,,,,,,,,,,,,,,,,,,,,,
Glipizide,,,,,,,,,,,,,,,,,,,,,,,,,
Ethyl,,,,,,,,,,,,,,,,,,,,,,,,,
Meclizine,,,,,,,,,,,,,,,,,,,,,,,,,
Magnesium,,,,,,,,,,,,,,,,,,,,,,,,,
Acetylsalicylic,,,,,,,,,,,,,,,,,,,,,,,,,
Desonide,,,,,,,,,,,,,,,,,,,,,,,,,
LIDOCAINE,,,,,,,,,,,,,,,,,,,,,,,,,
Diphenhydramine,,,,,,,,,,,,,,,,,,,,,,,,,
prednisolone,,,,,,,,,,,,,,,,,,,,,,,,,
Decitabine,,,,,,,,,,,,,,,,,,,,,,,,,
Bacitracin,,,,,,,,,,,,,,,,,,,,,,,,,
Loperamide,,,,,,,,,,,,,,,,,,,,,,,,,
Benzethonium,,,,,,,,,,,,,,,,,,,,,,,,,
Acetaminophen,,,,,,,,,,,,,,,,,,,,,,,,,
diltiazem,,,,,,,,,,,,,,,,,,,,,,,,,
Felodipine,,,,,,,,,,,,,,,,,,,,,,,,,
Timolol,,,,,,,,,,,,,,,,,,,,,,,,,
Phoma,,,,,,,,,,,,,,,,,,,,,,,,,
Avobenzone,,,,,,,,,,,,,,,,,,,,,,,,,
Dimethicone,,,,,,,,,,,,,,,,,,,,,,,,,
lorazepam,,,,,,,,,,,,,,,,,,,,,,,,,
Ibuprofen,,,,,,,,,,,,,,,,,,,,,,,,,
pomalidomide,,,,,,,,,,,,,,,,,,,,,,,,,
temazepam,,,,,,,,,,,,,,,,,,,,,,,,,
Doxazosin,,,,,,,,,,,,,,,,,,,,,,,,,
THYROIDINUM,,,,,,,,,,,,,,,,,,,,,,,,,
Nifedipine,,,,,,,,,,,,,,,,,,,,,,,,,
clonazepam,,,,,,,,,,,,,,,,,,,,,,,,,
THUJA,,,,,,,,,,,,,,,,,,,,,,,,,
ciprofloxacin,,,,,,,,,,,,,,,,,,,,,,,,,
Aluminum,,,,,,,,,,,,,,,,,,,,,,,,,
cocoa,,,,,,,,,,,,,,,,,,,,,,,,,
Amitriptyline,,,,,,,,,,,,,,,,,,,,,,,,,
Spironolactone,,,,,,,,,,,,,,,,,,,,,,,,,
Avobenzone,,,,,,,,,,,,,,,,,,,,,,,,,
codeine,,,,,,,,,,,,,,,,,,,,,,,,,
Triamterene,,,,,,,,,,,,,,,,,,,,,,,,,
Elaps,,,,,,,,,,,,,,,,,,,,,,,,,
Dextrose,,,,,,,,,,,,,,,,,,,,,,,,,
pioglitazone,,,,,,,,,,,,,,,,,,,,,,,,,
Alprazolam,,,,,,,,,,,,,,,,,,,,,,,,,
Chlorpheniramine,,,,HBr,,,,,,,,,,,,,,,,,,,,,
Docusate,,,,,,,,,,,,,,,,,,,,,,,,,
Sulindac,,,,,,,,,,,,,,,,,,,,,,,,,
Morphine,,,,,,,,,,,,,,,,,,,,,,,,,
Heparin,,,,,,,,,,,,,,,,,,,,,,,,,
dimethicone,,,,,,,,,,,,,,,,,,,,,,,,,
Phenobarbital,,,,,,,,,,,,,,,,,,,,,,,,,
Pilocarpine,,,,,,,,,,,,,,,,,,,,,,,,,
cocoa,,,,,,,,,,,,,,,,,,,,,,,,,
Petrolatum,,,,,,,,,,,,,,,,,,,,,,,,,
Sweet,,,,,,,,,,,,,,,,,,,,,,,,,
Walnut,,,,,,,,,,,,,,,,,,,,,,,,,
Atorvastatin,,,,,,,,,,,,,,,,,,,,,,,,,
AGALSIDASE,,,,,,,,,,,,,,,,,,,,,,,,,
Calcarea,,,,,,,,,,,,,,,,,,,,,,,,,
Eucalyptol,,,,,,,,,,,,,,,,,,,,,,,,,
TOLNAFTATE,,,,,,,,,,,,,,,,,,,,,,,,,
Fluoride,,,,,,,,,,,,,,,,,,,,,,,,,
Dihydroergotamine,,,,,,,,,,,,,,,,,,,,,,,,,
Lithium,,,,,,,,,,,,,,,,,,,,,,,,,
famotidine,,,,,,,,,,,,,,,,,,,,,,,,,
English,,,,,,,,,,,,,,,,,,,,,,,,,
EUPHORBIA,,,,,,,,,,,,,,,,,,,,,,,,,
fluocinolone,,,,,,,,,,,,,,,,,,,,,,,,,
ascorbic,,,,,,,,,,,,,,,,,,,,,,,,,
Leucovorin,,,,,,,,,,,,,,,,,,,,,,,,,
propranolol,,,,,,,,,,,,,,,,,,,,,,,,,
Antihemophilic,,,,,,,,,,,,,,,,,,,,,,,,,
Haloperidol,,,,,,,,,,,,,,,,,,,,,,,,,
Goat,,,,,,,,,,,,,,,,,,,,,,,,,
Triamcinolone,,,,,,,,,,,,,,,,,,,,,,,,,
LACHESIS,,,,,,,,,,,,,,,,,,,,,,,,,
Horse,,,,,,,,,,,,,,,,,,,,,,,,,
Oxycodone,,,,,,,,,,,,,,,,,,,,,,,,,
Amlodipine,,,,Hydrochloride,,,,,,,,,,,,,,,,,,,,,
Octinoxate,,,,,,,,,,,,,,,,,,,,,,,,,
Standardized,,,,,,,,,,,,,,,,,,,,,,,,,
Meclizine,,,,,,,,,,,,,,,,,,,,,,,,,
Cetirizine,,,,,,,,,,,,,,,,,,,,,,,,,
mirabegron,,,,,,,,,,,,,,,,,,,,,,,,,
clindamycin,,,,,,,,,,,,,,,,,,,,,,,,,
Topical,,,,,,,,,,,,,,,,,,,,,,,,,
Nigrospora,,,,,,,,,,,,,,,,,,,,,,,,,
Venlafaxine,,,,,,,,,,,,,,,,,,,,,,,,,
California,,,,,,,,,,,,,,,,,,,,,,,,,
Albuterol,,,,,,,,,,,,,,,,,,,,,,,,,
Carisoprodol,,,,,,,,,,,,,,,,,,,,,,,,,
Topiramate,,,,,,,,,,,,,,,,,,,,,,,,,
Acetic,,,,,,,,,,,,,,,,,,,,,,,,,
Estradiol,,,,,,,,,,,,,,,,,,,,,,,,,
Aconitum,,,,,,,,,,,,,,,,,,,,,,,,,
BUPROPION,,,,,,,,,,,,,,,,,,,,,,,,,
Diphenhydramine,,,,,,,,,,,,,,,,,,,,,,,,,
ziprasidone,,,,,,,,,,,,,,,,,,,,,,,,,
Mustard,,,,,,,,,,,,,,,,,,,,,,,,,
Silicea,,,,,,,,,,,,,,,,,,,,,,,,,
Paroxetine,,,,,,,,,,,,,,,,,,,,,,,,,
Flu,,,,,,,,,,,,,,,,,,,,,,,,,
Aurum,,,,,,,,,,,,,,,,,,,,,,,,,
Camphor,,,,,,,,,,,,,,,,,,,,,,,,,
Hydroxyzine,,,,,,,,,,,,,,,,,,,,,,,,,
Aspirin,,,,,,,,,,,,,,,,,,,,,,,,,
Guaifenesin,,,,,,,,,,,,,,,,,,,,,,,,,
Norethindrone,,,,,,,,,,,,,,,,,,,,,,,,,
OCTOCRYLENE,,,,,,,,,,,,,,,,,,,,,,,,,
Octinoxate,,,,,,,,,,,,,,,,,,,,,,,,,
Avena,,,,,,,,,,,,,,,,,,,,,,,,,
ropivacaine,,,,,,,,,,,,,,,,,,,,,,,,,
Aluminum,,,,,,,,,,,,,,,,,,,,,,,,,
Ketoconazole,,,,,,,,,,,,,,,,,,,,,,,,,
lansoprazole,,,,,,,,,,,,,,,,,,,,,,,,,
Zinc,,,,,,,,,,,,,,,,,,,,,,,,,
Lidocaine,,,,,,,,,,,,,,,,,,,,,,,,,
Treatment,,,,,,,,,,,,,,,,,,,,,,,,,
Tetracycline,,,,,,,,,,,,,,,,,,,,,,,,,
Sulfamethoxazole,,,,,,,,,,,,,,,,,,,,,,,,,
polymyxin,,,,trimethoprim,,,,,,,,,,,,,,,,,,,,,
POTASSIUM,,,,,,,,,,,,,,,,,,,,,,,,,
methylcellulose,,,,,,,,,,,,,,,,,,,,,,,,,
Clarithromycin,,,,,,,,,,,,,,,,,,,,,,,,,
Elm,,,,,,,,,,,,,,,,,,,,,,,,,
Cetylpyridinium,,,,,,,,,,,,,,,,,,,,,,,,,
IPECAC,,,,,,,,,,,,,,,,,,,,,,,,,
Triazolam,,,,,,,,,,,,,,,,,,,,,,,,,
ARNICA,,,,,,,,,,,,,,,,,,,,,,,,,
not,,,,,,,,,,,,,,,,,,,,,,,,,
CP2D/AS-3,,,,System,,,,,,,,,,,,,,,,,,,,,
Benzocaine,,,,,,,,,,,,,,,,,,,,,,,,,
Desloratadine,,,,,,,,,,,,,,,,,,,,,,,,,
MENTHOL,,,,,,,,,,,,,,,,,,,,,,,,,
Octinoxate,,,,,,,,,,,,,,,,,,,,,,,,,
Sodium,,,,,,,,,,,,,,,,,,,,,,,,,
Flucytosine,,,,,,,,,,,,,,,,,,,,,,,,,
fondaparinux,,,,,,,,,,,,,,,,,,,,,,,,,
Nigrospora,,,,,,,,,,,,,,,,,,,,,,,,,
Glycopyrrolate,,,,,,,,,,,,,,,,,,,,,,,,,
Cyproheptadine,,,,,,,,,,,,,,,,,,,,,,,,,
Arsenicum,,,,,,,,,,,,,,,,,,,,,,,,,
Causticum,,,,,,,,,,,,,,,,,,,,,,,,,
Octinoxate,,,,,,,,,,,,,,,,,,,,,,,,,
Amlodipine,,,,,,,,,,,,,,,,,,,,,,,,,
Cattle,,,,,,,,,,,,,,,,,,,,,,,,,
Menthol,,,,,,,,,,,,,,,,,,,,,,,,,
Acetaminophen,,,,,,,,,,,,,,,,,,,,,,,,,
CALENDULA,,,,and,SILICON,DIOXIDE,,,,,,,,,,,,,,,,,,,
ACETAMINOPHEN,,,,,,,,,,,,,,,,,,,,,,,,,
Sweet,,,,,,,,,,,,,,,,,,,,,,,,,
POVIDONE-IODINE,,,,,,,,,,,,,,,,,,,,,,,,,
Beech,,,,,,,,,,,,,,,,,,,,,,,,,
mineral,,,,,,,,,,,,,,,,,,,,,,,,,
Prednisone,,,,,,,,,,,,,,,,,,,,,,,,,
Mercurius,,,,,,,,,,,,,,,,,,,,,,,,,
quinapril,,,,,,,,,,,,,,,,,,,,,,,,,
Bismuth,,,,,,,,,,,,,,,,,,,,,,,,,
norethindrone,,,,estradiol,,,,,,,,,,,,,,,,,,,,,
VORICONAZOLE,,,,,,,,,,,,,,,,,,,,,,,,,
Lidocaine,,,,,,,,,,,,,,,,,,,,,,,,,
Promethazine,,,,Phosphate,,,,,,,,,,,,,,,,,,,,,
MENTHOL,,,,,,,,,,,,,,,,,,,,,,,,,
PULSATILLA,,,,RESINIFERA,RESIN,and,LUFFA,OPERCULATA,FRUIT,and,MERCURIC,IODIDE,and,SUS,SCROFA,NASAL,MUCOSA,and,SILVER,NITRATE,and,CALCIUM,SULFIDE,and,SINUSITISINUM
Pioglitazone,,,,,,,,,,,,,,,,,,,,,,,,,
Sotalol,,,,,,,,,,,,,,,,,,,,,,,,,
Anticavity,,,,,,,,,,,,,,,,,,,,,,,,,
Indapamide,,,,,,,,,,,,,,,,,,,,,,,,,
Furosemide,,,,,,,,,,,,,,,,,,,,,,,,,
tapentadol,,,,,,,,,,,,,,,,,,,,,,,,,
Hydroxychloroquine,,,,,,,,,,,,,,,,,,,,,,,,,
CITRULLUS,,,,and,LYCOPODIUM,CLAVATUM,SPORE,and,BRYONIA,ALBA,ROOT,and,STRYCHNOS,NUX-VOMICA,SEED,,,,,,,,,,
Homosalate,,,,,,,,,,,,,,,,,,,,,,,,,
Piperacillin,,,,,,,,,,,,,,,,,,,,,,,,,
LYCOPODIUM,,,,,,,,,,,,,,,,,,,,,,,,,
Foaming,,,,,,,,,,,,,,,,,,,,,,,,,
Cerebellum,,,,,,,,,,,,,,,,,,,,,,,,,
Ribavirin,,,,,,,,,,,,,,,,,,,,,,,,,
Atovaquone,,,,,,,,,,,,,,,,,,,,,,,,,
Ranitidine,,,,,,,,,,,,,,,,,,,,,,,,,
Selenium,,,,,,,,,,,,,,,,,,,,,,,,,
benztropine,,,,,,,,,,,,,,,,,,,,,,,,,
One,,,,,,,,,,,,,,,,,,,,,,,,,
Avobenzone,,,,,,,,,,,,,,,,,,,,,,,,,
leflunomide,,,,,,,,,,,,,,,,,,,,,,,,,
American,,,,,,,,,,,,,,,,,,,,,,,,,
sertraline,,,,,,,,,,,,,,,,,,,,,,,,,
Levetiracetam,,,,,,,,,,,,,,,,,,,,,,,,,
ROPINIROLE,,,,,,,,,,,,,,,,,,,,,,,,,
methylergonovine,,,,,,,,,,,,,,,,,,,,,,,,,
Rocky,,,,,,,,,,,,,,,,,,,,,,,,,
Anti-interleukin-1.alpha.,,,,,,,,,,,,,,,,,,,,,,,,,
CHLORAL,,,,,,,,,,,,,,,,,,,,,,,,,
Fluoride,,,,,,,,,,,,,,,,,,,,,,,,,
ACETAMINOPHEN,,,,,,,,,,,,,,,,,,,,,,,,,
formoterol,,,,,,,,,,,,,,,,,,,,,,,,,
Piperonyl,,,,,,,,,,,,,,,,,,,,,,,,,
Althaea,,,,,,,,,,,,,,,,,,,,,,,,,
OCTINOXATE,,,,,,,,,,,,,,,,,,,,,,,,,
nabumetone,,,,,,,,,,,,,,,,,,,,,,,,,
isosorbide,,,,,,,,,,,,,,,,,,,,,,,,,
cyclopentolate,,,,,,,,,,,,,,,,,,,,,,,,,
Antimonium,,,,,,,,,,,,,,,,,,,,,,,,,
Fenofibrate,,,,,,,,,,,,,,,,,,,,,,,,,
Black,,,,,,,,,,,,,,,,,,,,,,,,,
haddock,,,,,,,,,,,,,,,,,,,,,,,,,
mycobacterium,,,,,,,,,,,,,,,,,,,,,,,,,
Terazosin,,,,,,,,,,,,,,,,,,,,,,,,,
Hydroquinone,,,,,,,,,,,,,,,,,,,,,,,,,
chlorhexidine,,,,alcohol,,,,,,,,,,,,,,,,,,,,,
acetaminophen,,,,,,,,,,,,,,,,,,,,,,,,,
PREGABALIN,,,,,,,,,,,,,,,,,,,,,,,,,
Treatment,,,,,,,,,,,,,,,,,,,,,,,,,
Cactus,,,,,,,,,,,,,,,,,,,,,,,,,
EPIFAGUS,,,,VERSICOLOR,ROOT,-,POTASSIUM,IODIDE,,,,,,,,,,,,,,,,,
diphenhydramine,,,,,,,,,,,,,,,,,,,,,,,,,
Titanium,,,,,,,,,,,,,,,,,,,,,,,,,
Birch,,,,,,,,,,,,,,,,,,,,,,,,,
Octinoxate,,,,,,,,,,,,,,,,,,,,,,,,,
Ethyl,,,,,,,,,,,,,,,,,,,,,,,,,
MAITAKE,,,,,,,,,,,,,,,,,,,,,,,,,
ONION,,,,,,,,,,,,,,,,,,,,,,,,,
Tobramycin,,,,,,,,,,,,,,,,,,,,,,,,,
Mexican,,,,,,,,,,,,,,,,,,,,,,,,,
Avobenzone,,,,,,,,,,,,,,,,,,,,,,,,,
Calcium,,,,,,,,,,,,,,,,,,,,,,,,,
oxiconazole,,,,,,,,,,,,,,,,,,,,,,,,,
Titanium,,,,,,,,,,,,,,,,,,,,,,,,,
Zincum,,,,,,,,,,,,,,,,,,,,,,,,,
DEXTROMETHORPHAN,,,,,,,,,,,,,,,,,,,,,,,,,
Acetaminophen,,,,,,,,,,,,,,,,,,,,,,,,,
California,,,,,,,,,,,,,,,,,,,,,,,,,
CARBON,,,,,,,,,,,,,,,,,,,,,,,,,
Enalapril,,,,,,,,,,,,,,,,,,,,,,,,,
oseltamivir,,,,,,,,,,,,,,,,,,,,,,,,,
Cefadroxil,,,,,,,,,,,,,,,,,,,,,,,,,
GUAIFENESIN,,,,,,,,,,,,,,,,,,,,,,,,,
Lidocaine,,,,,,,,,,,,,,,,,,,,,,,,,
Calcarea,,,,,,,,,,,,,,,,,,,,,,,,,
Water,,,,,,,,,,,,,,,,,,,,,,,,,
brimonidine,,,,,,,,,,,,,,,,,,,,,,,,,
Hypericum,,,,,,,,,,,,,,,,,,,,,,,,,
Nitroglycerin,,,,,,,,,,,,,,,,,,,,,,,,,
OCTINOXATE,,,,,,,,,,,,,,,,,,,,,,,,,
Neomycin,,,,,,,,,,,,,,,,,,,,,,,,,
Chlorhexidine,,,,,,,,,,,,,,,,,,,,,,,,,
benzocaine,,,,,,,,,,,,,,,,,,,,,,,,,
BENZALKONIUM,,,,HYDROCHLORIDE,,,,,,,,,,,,,,,,,,,,,
Hydrocortisone,,,,,,,,,,,,,,,,,,,,,,,,,
Poverty,,,,,,,,,,,,,,,,,,,,,,,,,
Fucus,,,,,,,,,,,,,,,,,,,,,,,,,
Camphor,,,,,,,,,,,,,,,,,,,,,,,,,
ceftazidime,,,,,,,,,,,,,,,,,,,,,,,,,
Aconitum,,,,,,,,,,,,,,,,,,,,,,,,,
Etodolac,,,,,,,,,,,,,,,,,,,,,,,,,
Fluocinonide,,,,,,,,,,,,,,,,,,,,,,,,,
phentermine,,,,,,,,,,,,,,,,,,,,,,,,,
Acetaminophen,,,,,,,,,,,,,,,,,,,,,,,,,
Epicoccum,,,,,,,,,,,,,,,,,,,,,,,,,
Earwax,,,,,,,,,,,,,,,,,,,,,,,,,
Pineal-Pituitary,,,,,,,,,,,,,,,,,,,,,,,,,
HydrALAZINE,,,,,,,,,,,,,,,,,,,,,,,,,
Baptisia,,,,,,,,,,,,,,,,,,,,,,,,,
Cortisone,,,,,,,,,,,,,,,,,,,,,,,,,
PHENYTOIN,,,,,,,,,,,,,,,,,,,,,,,,,
calcitonin,,,,,,,,,,,,,,,,,,,,,,,,,
POTASSIUM,,,,,,,,,,,,,,,,,,,,,,,,,
chloroxylenol,,,,,,,,,,,,,,,,,,,,,,,,,
Phosphorus,,,,,,,,,,,,,,,,,,,,,,,,,
Carduus,,,,,,,,,,,,,,,,,,,,,,,,,
enoxaparin,,,,,,,,,,,,,,,,,,,,,,,,,
Promethazine,,,,,,,,,,,,,,,,,,,,,,,,,
Mupirocin,,,,,,,,,,,,,,,,,,,,,,,,,
Adrenalinum,,,,,,,,,,,,,,,,,,,,,,,,,
venlafaxine,,,,,,,,,,,,,,,,,,,,,,,,,
ketotifen,,,,,,,,,,,,,,,,,,,,,,,,,
Stemphylium,,,,,,,,,,,,,,,,,,,,,,,,,
Antipyrine,,,,,,,,,,,,,,,,,,,,,,,,,
Acetaminophen,,,,,,,,,,,,,,,,,,,,,,,,,
Mefenamic,,,,,,,,,,,,,,,,,,,,,,,,,
Echinacea,,,,,,,,,,,,,,,,,,,,,,,,,
MATRICARIA,,,,ACONITUM,NAPELLUS,ROOT,LACHESIS,MUTA,VENOM,,,,,,,,,,,,,,,,
Balsam,,,,,,,,,,,,,,,,,,,,,,,,,
Triclocarban,,,,,,,,,,,,,,,,,,,,,,,,,
INTERLEUKIN-9,,,,,,,,,,,,,,,,,,,,,,,,,
MOSCHUS,,,,RESIN,,,,,,,,,,,,,,,,,,,,,
Octinoxate,,,,,,,,,,,,,,,,,,,,,,,,,
Dextromethorphan,,,,,,,,,,,,,,,,,,,,,,,,,
saquinavir,,,,,,,,,,,,,,,,,,,,,,,,,
Agaricus,,,,,,,,,,,,,,,,,,,,,,,,,
Lemon,,,,,,,,,,,,,,,,,,,,,,,,,
Bottle,,,,,,,,,,,,,,,,,,,,,,,,,
Hypromellose,,,,,,,,,,,,,,,,,,,,,,,,,
Naloxone,,,,,,,,,,,,,,,,,,,,,,,,,
lidocaine,,,,epinephrine,,,,,,,,,,,,,,,,,,,,,
AVOBENZONE,,,,,,,,,,,,,,,,,,,,,,,,,
fluvoxamine,,,,,,,,,,,,,,,,,,,,,,,,,
ESLICARBAZEPINE,,,,,,,,,,,,,,,,,,,,,,,,,
Renes,,,,,,,,,,,,,,,,,,,,,,,,,
montelukast,,,,,,,,,,,,,,,,,,,,,,,,,
Dextromethorphan,,,,,,,,,,,,,,,,,,,,,,,,,
East,,,,,,,,,,,,,,,,,,,,,,,,,
House,,,,,,,,,,,,,,,,,,,,,,,,,
Chrysosplenium,,,,,,,,,,,,,,,,,,,,,,,,,
bimatoprost,,,,,,,,,,,,,,,,,,,,,,,,,
Mineral,,,,,,,,,,,,,,,,,,,,,,,,,
Acetaminophen,,,,,,,,,,,,,,,,,,,,,,,,,
Argentum,,,,,,,,,,,,,,,,,,,,,,,,,
Aesculus,,,,,,,,,,,,,,,,,,,,,,,,,
Oxycodone,,,,,,,,,,,,,,,,,,,,,,,,,
German,,,,,,,,,,,,,,,,,,,,,,,,,
ARNICA,,,,,,,,,,,,,,,,,,,,,,,,,
RISEDRONATE,,,,,,,,,,,,,,,,,,,,,,,,,
Belladonna,,,,,,,,,,,,,,,,,,,,,,,,,
Pecan,,,,,,,,,,,,,,,,,,,,,,,,,
Wart,,,,Acid,,,,,,,,,,,,,,,,,,,,,
dorzolamide,,,,maleate,,,,,,,,,,,,,,,,,,,,,
HUMAN,,,,,,,,,,,,,,,,,,,,,,,,,
Acetaminophen,,,,,,,,,,,,,,,,,,,,,,,,,
OCTINOXATE,,,,,,,,,,,,,,,,,,,,,,,,,
GLYCERIN,,,,,,,,,,,,,,,,,,,,,,,,,
Tramadol,,,,,,,,,,,,,,,,,,,,,,,,,
Diphenhydramine,,,,,,,,,,,,,,,,,,,,,,,,,
Anti-bacterial,,,,,,,,,,,,,,,,,,,,,,,,,
Carboxymethylcellulose,,,,,,,,,,,,,,,,,,,,,,,,,
CleanWell,,,,Hand,Sanitizer,,,,,,,,,,,,,,,,,,,,
Hydromorphone,,,,,,,,,,,,,,,,,,,,,,,,,
CASPOFUNGIN,,,,,,,,,,,,,,,,,,,,,,,,,
Nicardipine,,,,,,,,,,,,,,,,,,,,,,,,,
Nadolol,,,,,,,,,,,,,,,,,,,,,,,,,
verapamil,,,,,,,,,,,,,,,,,,,,,,,,,
Privet,,,,,,,,,,,,,,,,,,,,,,,,,
Rifampin,,,,,,,,,,,,,,,,,,,,,,,,,
Ciprofloxacin,,,,,,,,,,,,,,,,,,,,,,,,,
METRONIDAZOLE,,,,,,,,,,,,,,,,,,,,,,,,,
Neomycin,,,,,,,,,,,,,,,,,,,,,,,,,
Ceftriaxone,,,,,,,,,,,,,,,,,,,,,,,,,
ibritumomab,,,,,,,,,,,,,,,,,,,,,,,,,
ALLANTOIN,,,,,,,,,,,,,,,,,,,,,,,,,
cocoa,,,,,,,,,,,,,,,,,,,,,,,,,
Lithium,,,,,,,,,,,,,,,,,,,,,,,,,
Cultivated,,,,,,,,,,,,,,,,,,,,,,,,,
Escitalopram,,,,,,,,,,,,,,,,,,,,,,,,,
Ferrum,,,,,,,,,,,,,,,,,,,,,,,,,
OCTINOXATE,,,,,,,,,,,,,,,,,,,,,,,,,
Dextromethorphan,,,,,,,,,,,,,,,,,,,,,,,,,
OCTOCRYLENE,,,,,,,,,,,,,,,,,,,,,,,,,
Sunscreen,,,,,,,,,,,,,,,,,,,,,,,,,
Captopril,,,,,,,,,,,,,,,,,,,,,,,,,
Vecuronium,,,,,,,,,,,,,,,,,,,,,,,,,
Valproic,,,,,,,,,,,,,,,,,,,,,,,,,
MIDAZOLAM,,,,,,,,,,,,,,,,,,,,,,,,,
LEDUM,,,,,,,,,,,,,,,,,,,,,,,,,
Methyl,,,,,,,,,,,,,,,,,,,,,,,,,
Propylthiouracil,,,,,,,,,,,,,,,,,,,,,,,,,
Mercaptopurine,,,,,,,,,,,,,,,,,,,,,,,,,
White,,,,,,,,,,,,,,,,,,,,,,,,,
Cladosporium,,,,,,,,,,,,,,,,,,,,,,,,,
Bicalutamide,,,,,,,,,,,,,,,,,,,,,,,,,
Methylphenidate,,,,,,,,,,,,,,,,,,,,,,,,,
TITANIUM,,,,,,,,,,,,,,,,,,,,,,,,,
West,,,,,,,,,,,,,,,,,,,,,,,,,
Norethindrone,,,,Tablets,,,,,,,,,,,,,,,,,,,,,
Ferrum,,,,,,,,,,,,,,,,,,,,,,,,,
Cord,,,,,,,,,,,,,,,,,,,,,,,,,
Chlophedianol,,,,,,,,,,,,,,,,,,,,,,,,,
zinc,,,,,,,,,,,,,,,,,,,,,,,,,
Chlordiazepoxide,,,,,,,,,,,,,,,,,,,,,,,,,
Mirtazapine,,,,,,,,,,,,,,,,,,,,,,,,,
Dihydrocodeine,,,,,,,,,,,,,,,,,,,,,,,,,
darunavir,,,,,,,,,,,,,,,,,,,,,,,,,
Duloxetine,,,,,,,,,,,,,,,,,,,,,,,,,
desvenlafaxine,,,,,,,,,,,,,,,,,,,,,,,,,
Alfalfa,,,,,,,,,,,,,,,,,,,,,,,,,
Capsaicin,,,,,,,,,,,,,,,,,,,,,,,,,
Homosalate,,,,,,,,,,,,,,,,,,,,,,,,,
Buspirone,,,,,,,,,,,,,,,,,,,,,,,,,
Viburnum,,,,,,,,,,,,,,,,,,,,,,,,,
Penicillium,,,,,,,,,,,,,,,,,,,,,,,,,
Ampicillin,,,,,,,,,,,,,,,,,,,,,,,,,
Camphor,,,,,,,,,,,,,,,,,,,,,,,,,
Theraflu,,,,,,,,,,,,,,,,,,,,,,,,,
Eucalyptol,,,,,,,,,,,,,,,,,,,,,,,,,
Aquilegia,,,,,,,,,,,,,,,,,,,,,,,,,
Octinoxate,,,,,,,,,,,,,,,,,,,,,,,,,
HYDROGEN,,,,,,,,,,,,,,,,,,,,,,,,,
Caffeine,,,,,,,,,,,,,,,,,,,,,,,,,
Ferrum,,,,,,,,,,,,,,,,,,,,,,,,,
Stillingia,,,,,,,,,,,,,,,,,,,,,,,,,
Solidago,,,,,,,,,,,,,,,,,,,,,,,,,
HOMOSALATE,,,,,,,,,,,,,,,,,,,,,,,,,
ATROPA,,,,,,,,,,,,,,,,,,,,,,,,,
loratadine,,,,,,,,,,,,,,,,,,,,,,,,,
Clorazepate,,,,,,,,,,,,,,,,,,,,,,,,,
Prednisolone,,,,,,,,,,,,,,,,,,,,,,,,,
METHADONE,,,,,,,,,,,,,,,,,,,,,,,,,
